1002118,Kelly McClintock
199382,Ava Oteri
1001774,Camilla Haussmann
208127,Sarah Carter
204451,Corrie Cooper
174826,Becca Lee
199245,Tiffany Black
216168,Hannah Gish
200385,Jada Gomez
176626,Lindsey Stroker
192276,Danielle Bloomquist
1010040,Michelle Basnett
194082,Allison McCracken
180401,Amanda Street
208851,Zinna Grogg
190667,Dayna Heiser
1010728,Morgan Farris
215564,Alissa Hanan
1003917,Allyson Cochran
190055,Tarah Colaizy
1011563,Cassidy Tindall
208442,Rebecca Garringer
219236,Crystal Lu
210636,Erin Owen
1010470,Amanda Wynn
217181,Whitney Batchelor
176711,Amanda Ford
170544,Ashley Denton
200797,Katie Wachtler
1003571,Ashlee Owens
1006222,MaryBeth Brown
1002769,Abbey Kennedy
1003058,Camryn Evett
180259,Genie Francisco
1008976,Carlie Herron
1002216,Jaime Chase
1009600,Cynthia Darby
1003068,Lindsey Powell
217058,Christina Brockington
1004315,Yvgeni Henderson
180276,Tricia Prestopino
1003133,Trevor Owens
1003056,Caleb Campos
1001683,Brandon Sheets
220161,Joe Baisley
1008926,Bryson Duncan
212902,Jareth Burgos
178607,Matt Wininger
209562,Wesley Richardson
193644,Corbin Cansler
167758,Mike Szela
189381,Rob Turner
1004977,Connor Hanafee
214488,Robert Hoffman
188983,Aaron Ledford
1009369,Dustin Huffman
101023,Arence Gowe
170229,Ryan Tyler
196298,Patrick Steele
1010959,Matthew Gregory
1010129,Ademayowa Aderibigbe
1011189,Austin Alexander
207400,Logan Hoffman
208915,Stewart McEntire
198654,Michael Wallace
206745,Matthew Lord
192010,Matthew Reiland
124794,Alex Koch
176029,Matt Bergeron
170599,Stephen Butcher
170803,Jason Garrard
217382,Derek Morte
207655,Cam Demmerle
214591,Matt Morton
1002747,Dalton Meers
174563,Sean Jacobs
167444,David Carpenter
1009101,Alfred Satorelli
1008187,Dan Caudle
1011188,Sai Ganesh
201187,Mack Graham
131980,Coard Wilkes
202434,Chris Lesmes
176926,Martin Pfeifer
200644,Josh Geraghty
1008529,Will Thorsen
1010013,Tracy Helton
216253,Robert Garren
1005609,Jacob Willis
179765,Allan Foodman
1002604,Matthew Cooney
1008592,Aaron Ringold
210669,JB Wood
1005827,John Jay Brown
